{
    "ToolName": "Account Management",
    "Timestamp": {
        "DateTime": "2021-09-24T05:54:14Z"
    },
    "ServiceRoot": {
        "@odata.id": "/redfish/v1",
        "@odata.type": "#ServiceRoot.v1_5_0.ServiceRoot",
        "AccountService": {
            "@odata.id": "/redfish/v1/AccountService"
        },
        "CertificateService": {
            "@odata.id": "/redfish/v1/CertificateService"
        },
        "Chassis": {
            "@odata.id": "/redfish/v1/Chassis"
        },
        "EventService": {
            "@odata.id": "/redfish/v1/EventService"
        },
        "Id": "RootService",
        "JsonSchemas": {
            "@odata.id": "/redfish/v1/JsonSchemas"
        },
        "Links": {
            "Sessions": {
                "@odata.id": "/redfish/v1/SessionService/Sessions"
            }
        },
        "Managers": {
            "@odata.id": "/redfish/v1/Managers"
        },
        "Name": "Root Service",
        "RedfishVersion": "1.9.0",
        "Registries": {
            "@odata.id": "/redfish/v1/Registries"
        },
        "SessionService": {
            "@odata.id": "/redfish/v1/SessionService"
        },
        "Systems": {
            "@odata.id": "/redfish/v1/Systems"
        },
        "Tasks": {
            "@odata.id": "/redfish/v1/TaskService"
        },
        "TelemetryService": {
            "@odata.id": "/redfish/v1/TelemetryService"
        },
        "UUID": "6ee7d7b4-7d47-4caf-854e-26262b78b302",
        "UpdateService": {
            "@odata.id": "/redfish/v1/UpdateService"
        }
    },
    "TestResults": {
        "User Count": {
            "pass": 1,
            "fail": 0,
            "skip": 0
        },
        "Add User": {
            "pass": 2,
            "fail": 0,
            "skip": 0
        },
        "Enable User": {
            "pass": 0,
            "fail": 0,
            "skip": 1
        },
        "Credential Check": {
            "pass": 2,
            "fail": 0,
            "skip": 0
        },
        "Change Role": {
            "pass": 0,
            "fail": 3,
            "skip": 0
        },
        "ErrorMessages": [
            "Change Role: Failed to set user 'testuser0' to 'ReadOnly' ().",
            "Change Role: Failed to set user 'testuser0' to 'Operator' ().",
            "Change Role: Failed to set user 'testuser0' to 'Administrator' ()."
        ],
        "Delete User": {
            "pass": 2,
            "fail": 0,
            "skip": 0
        }
    }
}