{
    "ToolName": "Manager Ethernet Interface",
    "Timestamp": {
        "DateTime": "2021-09-24T06:01:31Z"
    },
    "ServiceRoot": {
        "@odata.id": "/redfish/v1",
        "@odata.type": "#ServiceRoot.v1_5_0.ServiceRoot",
        "AccountService": {
            "@odata.id": "/redfish/v1/AccountService"
        },
        "CertificateService": {
            "@odata.id": "/redfish/v1/CertificateService"
        },
        "Chassis": {
            "@odata.id": "/redfish/v1/Chassis"
        },
        "EventService": {
            "@odata.id": "/redfish/v1/EventService"
        },
        "Id": "RootService",
        "JsonSchemas": {
            "@odata.id": "/redfish/v1/JsonSchemas"
        },
        "Links": {
            "Sessions": {
                "@odata.id": "/redfish/v1/SessionService/Sessions"
            }
        },
        "Managers": {
            "@odata.id": "/redfish/v1/Managers"
        },
        "Name": "Root Service",
        "RedfishVersion": "1.9.0",
        "Registries": {
            "@odata.id": "/redfish/v1/Registries"
        },
        "SessionService": {
            "@odata.id": "/redfish/v1/SessionService"
        },
        "Systems": {
            "@odata.id": "/redfish/v1/Systems"
        },
        "Tasks": {
            "@odata.id": "/redfish/v1/TaskService"
        },
        "TelemetryService": {
            "@odata.id": "/redfish/v1/TelemetryService"
        },
        "UUID": "6ee7d7b4-7d47-4caf-854e-26262b78b302",
        "UpdateService": {
            "@odata.id": "/redfish/v1/UpdateService"
        }
    },
    "TestResults": {
        "Manager Count": {
            "pass": 1,
            "fail": 0,
            "skip": 0
        },
        "Ethernet Interface Count": {
            "pass": 1,
            "fail": 0,
            "skip": 0
        },
        "Null Usage": {
            "pass": 12,
            "fail": 0,
            "skip": 0
        },
        "Dummy Value Usage": {
            "pass": 24,
            "fail": 4,
            "skip": 0
        },
        "ErrorMessages": [
            "Dummy Value Usage: 'IPv4Addresses' contains an empty string, 0.0.0.0, or :: rather than null in manager 'bmc' interface 'eth0'",
            "Dummy Value Usage: 'IPv4Addresses' contains an empty string, 0.0.0.0, or :: rather than null in manager 'bmc' interface 'eth1'",
            "IPv4 Gateway: IPv4 gateway property found at non-first array index in manager 'bmc' interface 'eth1'",
            "Dummy Value Usage: 'IPv4Addresses' contains an empty string, 0.0.0.0, or :: rather than null in manager 'bmc' interface 'usb0'",
            "Dummy Value Usage: 'IPv4StaticAddresses' contains an empty string, 0.0.0.0, or :: rather than null in manager 'bmc' interface 'usb0'"
        ],
        "IPv4 Gateway": {
            "pass": 4,
            "fail": 1,
            "skip": 0
        },
        "Expected Properties": {
            "pass": 23,
            "fail": 0,
            "skip": 0
        }
    }
}