{
    "ToolName": "Power Control",
    "Timestamp": {
        "DateTime": "2021-09-24T05:40:59Z"
    },
    "ServiceRoot": {
        "@odata.id": "/redfish/v1",
        "@odata.type": "#ServiceRoot.v1_5_0.ServiceRoot",
        "AccountService": {
            "@odata.id": "/redfish/v1/AccountService"
        },
        "CertificateService": {
            "@odata.id": "/redfish/v1/CertificateService"
        },
        "Chassis": {
            "@odata.id": "/redfish/v1/Chassis"
        },
        "EventService": {
            "@odata.id": "/redfish/v1/EventService"
        },
        "Id": "RootService",
        "JsonSchemas": {
            "@odata.id": "/redfish/v1/JsonSchemas"
        },
        "Links": {
            "Sessions": {
                "@odata.id": "/redfish/v1/SessionService/Sessions"
            }
        },
        "Managers": {
            "@odata.id": "/redfish/v1/Managers"
        },
        "Name": "Root Service",
        "RedfishVersion": "1.9.0",
        "Registries": {
            "@odata.id": "/redfish/v1/Registries"
        },
        "SessionService": {
            "@odata.id": "/redfish/v1/SessionService"
        },
        "Systems": {
            "@odata.id": "/redfish/v1/Systems"
        },
        "Tasks": {
            "@odata.id": "/redfish/v1/TaskService"
        },
        "TelemetryService": {
            "@odata.id": "/redfish/v1/TelemetryService"
        },
        "UUID": "6ee7d7b4-7d47-4caf-854e-26262b78b302",
        "UpdateService": {
            "@odata.id": "/redfish/v1/UpdateService"
        }
    },
    "TestResults": {
        "System Count": {
            "pass": 1,
            "fail": 0,
            "skip": 0
        },
        "Reset Type Check": {
            "pass": 1,
            "fail": 0,
            "skip": 0
        },
        "Reset Performed": {
            "pass": 7,
            "fail": 0,
            "skip": 0
        },
        "Power State Check": {
            "pass": 6,
            "fail": 1,
            "skip": 0
        },
        "ErrorMessages": [
            "Power State Check: system was not in the On state after using PowerCycle as the reset type."
        ]
    }
}