Assertion	Method	Status code	URI	Result	Message	Requirement
PROTO_ETAG_ON_GET_ACCOUNT	GET	200	/redfish/v1/AccountService/Accounts/root	FAIL	Response from GET request to ManagerAccount URI /redfish/v1/AccountService/Accounts/root did not return an ETag header	Implementations shall support the return of ETag headers for GET requests of ManagerAccount resources.
PROTO_HTTP_SUPPORTED_METHODS	GET	200		PASS	GET supported	HTTP methods POST, GET, PATCH, and DELETE shall be supported.
PROTO_HTTP_SUPPORTED_METHODS	POST	201		PASS	POST supported	HTTP methods POST, GET, PATCH, and DELETE shall be supported.
PROTO_HTTP_SUPPORTED_METHODS	PATCH			NOT_TESTED	PATCH not tested	HTTP methods POST, GET, PATCH, and DELETE shall be supported.
PROTO_HTTP_SUPPORTED_METHODS	DELETE	200		PASS	DELETE supported	HTTP methods POST, GET, PATCH, and DELETE shall be supported.
PROTO_HTTP_UNSUPPORTED_METHODS	DELETE	405	/redfish/v1/	PASS	Test passed	For HTTP methods that the Redfish service does not support or that the following table omits, the Redfish service shall return the HTTP 405 Method Not Allowed status code or the HTTP 501 Not Implemented status code.
PROTO_JSON_ACCEPTED	POST	201	/redfish/v1/SessionService/Sessions	PASS	Test passed	Receivers shall not reject a JSON-encoded message, and shall offer at least one JSON-based response representation.
PROTO_JSON_ALL_RESOURCES	GET	200	/redfish	PASS	Test passed	All resources shall be available through the JSON application/json media type.
PROTO_JSON_ALL_RESOURCES	GET	200	/redfish/v1/odata	PASS	Test passed	All resources shall be available through the JSON application/json media type.
PROTO_JSON_ALL_RESOURCES	GET	200	/redfish/v1	PASS	Test passed	All resources shall be available through the JSON application/json media type.
PROTO_JSON_ALL_RESOURCES	GET	200	/redfish/v1/	PASS	Test passed	All resources shall be available through the JSON application/json media type.
PROTO_JSON_ALL_RESOURCES	GET	200	/redfish/v1/Systems	PASS	Test passed	All resources shall be available through the JSON application/json media type.
PROTO_JSON_ALL_RESOURCES	GET	200	/redfish/v1/Systems/system	PASS	Test passed	All resources shall be available through the JSON application/json media type.
PROTO_JSON_ALL_RESOURCES	GET	200	/redfish/v1/Chassis	PASS	Test passed	All resources shall be available through the JSON application/json media type.
PROTO_JSON_ALL_RESOURCES	GET	200	/redfish/v1/Chassis/chassis	PASS	Test passed	All resources shall be available through the JSON application/json media type.
PROTO_JSON_ALL_RESOURCES	GET	200	/redfish/v1/Managers	PASS	Test passed	All resources shall be available through the JSON application/json media type.
PROTO_JSON_ALL_RESOURCES	GET	200	/redfish/v1/Managers/bmc	PASS	Test passed	All resources shall be available through the JSON application/json media type.
PROTO_JSON_ALL_RESOURCES	GET	200	/redfish/v1/Managers/bmc/NetworkProtocol	PASS	Test passed	All resources shall be available through the JSON application/json media type.
PROTO_JSON_ALL_RESOURCES	GET	200	/redfish/v1/Managers/bmc/NetworkProtocol/HTTPS/Certificates	PASS	Test passed	All resources shall be available through the JSON application/json media type.
PROTO_JSON_ALL_RESOURCES	GET	200	/redfish/v1/AccountService	PASS	Test passed	All resources shall be available through the JSON application/json media type.
PROTO_JSON_ALL_RESOURCES	GET	200	/redfish/v1/AccountService/Accounts	PASS	Test passed	All resources shall be available through the JSON application/json media type.
PROTO_JSON_ALL_RESOURCES	GET	200	/redfish/v1/AccountService/Accounts/root	PASS	Test passed	All resources shall be available through the JSON application/json media type.
PROTO_JSON_ALL_RESOURCES	GET	200	/redfish/v1/AccountService/Roles	PASS	Test passed	All resources shall be available through the JSON application/json media type.
PROTO_JSON_ALL_RESOURCES	GET	200	/redfish/v1/AccountService/Roles/Administrator	PASS	Test passed	All resources shall be available through the JSON application/json media type.
PROTO_JSON_ALL_RESOURCES	GET	200	/redfish/v1/AccountService/Roles/Operator	PASS	Test passed	All resources shall be available through the JSON application/json media type.
PROTO_JSON_ALL_RESOURCES	GET	200	/redfish/v1/AccountService/Roles/ReadOnly	PASS	Test passed	All resources shall be available through the JSON application/json media type.
PROTO_JSON_ALL_RESOURCES	GET	200	/redfish/v1/AccountService/Roles/NoAccess	PASS	Test passed	All resources shall be available through the JSON application/json media type.
PROTO_JSON_ALL_RESOURCES	GET	200	/redfish/v1/SessionService	PASS	Test passed	All resources shall be available through the JSON application/json media type.
PROTO_JSON_ALL_RESOURCES	GET	200	/redfish/v1/SessionService/Sessions	PASS	Test passed	All resources shall be available through the JSON application/json media type.
PROTO_JSON_ALL_RESOURCES	GET	200	/redfish/v1/SessionService/Sessions/vMT2puJqdL	PASS	Test passed	All resources shall be available through the JSON application/json media type.
PROTO_JSON_ALL_RESOURCES	GET	200	/redfish/v1/EventService	PASS	Test passed	All resources shall be available through the JSON application/json media type.
PROTO_JSON_ALL_RESOURCES	GET	200	/redfish/v1/CertificateService	PASS	Test passed	All resources shall be available through the JSON application/json media type.
PROTO_JSON_ALL_RESOURCES	POST	201	/redfish/v1/SessionService/Sessions	PASS	Test passed	All resources shall be available through the JSON application/json media type.
PROTO_JSON_ALL_RESOURCES	DELETE	200	/redfish/v1/SessionService/Sessions/52vk8M1qWN	PASS	Test passed	All resources shall be available through the JSON application/json media type.
PROTO_JSON_ALL_RESOURCES	DELETE	200	/redfish/v1/SessionService/Sessions/E9DHhfh3q1	PASS	Test passed	All resources shall be available through the JSON application/json media type.
PROTO_JSON_RFC	GET	200	/redfish	PASS	Test passed	Redfish Services shall make every resource available in a JSON-based representation, as specified in RFC4627
PROTO_JSON_RFC	GET	200	/redfish/v1/odata	PASS	Test passed	Redfish Services shall make every resource available in a JSON-based representation, as specified in RFC4627
PROTO_JSON_RFC	GET	200	/redfish/v1	PASS	Test passed	Redfish Services shall make every resource available in a JSON-based representation, as specified in RFC4627
PROTO_JSON_RFC	GET	200	/redfish/v1/	PASS	Test passed	Redfish Services shall make every resource available in a JSON-based representation, as specified in RFC4627
PROTO_JSON_RFC	GET	200	/redfish/v1/Systems	PASS	Test passed	Redfish Services shall make every resource available in a JSON-based representation, as specified in RFC4627
PROTO_JSON_RFC	GET	200	/redfish/v1/Systems/system	PASS	Test passed	Redfish Services shall make every resource available in a JSON-based representation, as specified in RFC4627
PROTO_JSON_RFC	GET	200	/redfish/v1/Chassis	PASS	Test passed	Redfish Services shall make every resource available in a JSON-based representation, as specified in RFC4627
PROTO_JSON_RFC	GET	200	/redfish/v1/Chassis/chassis	PASS	Test passed	Redfish Services shall make every resource available in a JSON-based representation, as specified in RFC4627
PROTO_JSON_RFC	GET	200	/redfish/v1/Managers	PASS	Test passed	Redfish Services shall make every resource available in a JSON-based representation, as specified in RFC4627
PROTO_JSON_RFC	GET	200	/redfish/v1/Managers/bmc	PASS	Test passed	Redfish Services shall make every resource available in a JSON-based representation, as specified in RFC4627
PROTO_JSON_RFC	GET	200	/redfish/v1/Managers/bmc/NetworkProtocol	PASS	Test passed	Redfish Services shall make every resource available in a JSON-based representation, as specified in RFC4627
PROTO_JSON_RFC	GET	200	/redfish/v1/Managers/bmc/NetworkProtocol/HTTPS/Certificates	PASS	Test passed	Redfish Services shall make every resource available in a JSON-based representation, as specified in RFC4627
PROTO_JSON_RFC	GET	200	/redfish/v1/AccountService	PASS	Test passed	Redfish Services shall make every resource available in a JSON-based representation, as specified in RFC4627
PROTO_JSON_RFC	GET	200	/redfish/v1/AccountService/Accounts	PASS	Test passed	Redfish Services shall make every resource available in a JSON-based representation, as specified in RFC4627
PROTO_JSON_RFC	GET	200	/redfish/v1/AccountService/Accounts/root	PASS	Test passed	Redfish Services shall make every resource available in a JSON-based representation, as specified in RFC4627
PROTO_JSON_RFC	GET	200	/redfish/v1/AccountService/Roles	PASS	Test passed	Redfish Services shall make every resource available in a JSON-based representation, as specified in RFC4627
PROTO_JSON_RFC	GET	200	/redfish/v1/AccountService/Roles/Administrator	PASS	Test passed	Redfish Services shall make every resource available in a JSON-based representation, as specified in RFC4627
PROTO_JSON_RFC	GET	200	/redfish/v1/AccountService/Roles/Operator	PASS	Test passed	Redfish Services shall make every resource available in a JSON-based representation, as specified in RFC4627
PROTO_JSON_RFC	GET	200	/redfish/v1/AccountService/Roles/ReadOnly	PASS	Test passed	Redfish Services shall make every resource available in a JSON-based representation, as specified in RFC4627
PROTO_JSON_RFC	GET	200	/redfish/v1/AccountService/Roles/NoAccess	PASS	Test passed	Redfish Services shall make every resource available in a JSON-based representation, as specified in RFC4627
PROTO_JSON_RFC	GET	200	/redfish/v1/SessionService	PASS	Test passed	Redfish Services shall make every resource available in a JSON-based representation, as specified in RFC4627
PROTO_JSON_RFC	GET	200	/redfish/v1/SessionService/Sessions	PASS	Test passed	Redfish Services shall make every resource available in a JSON-based representation, as specified in RFC4627
PROTO_JSON_RFC	GET	200	/redfish/v1/SessionService/Sessions/vMT2puJqdL	PASS	Test passed	Redfish Services shall make every resource available in a JSON-based representation, as specified in RFC4627
PROTO_JSON_RFC	GET	200	/redfish/v1/EventService	PASS	Test passed	Redfish Services shall make every resource available in a JSON-based representation, as specified in RFC4627
PROTO_JSON_RFC	GET	200	/redfish/v1/CertificateService	PASS	Test passed	Redfish Services shall make every resource available in a JSON-based representation, as specified in RFC4627
PROTO_JSON_RFC	POST	201	/redfish/v1/SessionService/Sessions	PASS	Test passed	Redfish Services shall make every resource available in a JSON-based representation, as specified in RFC4627
PROTO_JSON_RFC	DELETE	200	/redfish/v1/SessionService/Sessions/52vk8M1qWN	PASS	Test passed	Redfish Services shall make every resource available in a JSON-based representation, as specified in RFC4627
PROTO_JSON_RFC	DELETE	200	/redfish/v1/SessionService/Sessions/E9DHhfh3q1	PASS	Test passed	Redfish Services shall make every resource available in a JSON-based representation, as specified in RFC4627
PROTO_STD_URIS_SUPPORTED	GET	200	/redfish	PASS	Test passed	A Redfish Service shall support these Redfish-defined URIs: /redfish, /redfish/v1/, /redfish/v1/odata, /redfish/v1/$metadata
PROTO_STD_URIS_SUPPORTED	GET	200	/redfish/v1/odata	PASS	Test passed	A Redfish Service shall support these Redfish-defined URIs: /redfish, /redfish/v1/, /redfish/v1/odata, /redfish/v1/$metadata
PROTO_STD_URIS_SUPPORTED	GET	200	/redfish/v1/$metadata	PASS	Test passed	A Redfish Service shall support these Redfish-defined URIs: /redfish, /redfish/v1/, /redfish/v1/odata, /redfish/v1/$metadata
PROTO_STD_URIS_SUPPORTED	GET	200	/redfish/v1/	PASS	Test passed	A Redfish Service shall support these Redfish-defined URIs: /redfish, /redfish/v1/, /redfish/v1/odata, /redfish/v1/$metadata
PROTO_STD_URI_SERVICE_ROOT	GET	200	/redfish/v1/	PASS	Test passed	The root URI for this version of the Redfish protocol shall be /redfish/v1/.
PROTO_STD_URI_SERVICE_ROOT_REDIRECT	GET	200	/redfish/v1	PASS	Test passed	The service shall process the [/redfish/v1] URI without a trailing slash in one of these ways: Redirect it to the associated Redfish-defined URI, or treat it as the equivalent URI to the associated Redfish-defined URI (/redfish/v1/).
PROTO_STD_URI_VERSION	GET	200	/redfish	PASS	Test passed	A GET operation on the /redfish resource shall return this response body: {"v1": "/redfish/v1/"}
PROTO_URI_NO_ENCODED_CHARS	GET	200	/redfish	PASS	Test passed	URIs shall not include any percent-encoding of characters.
PROTO_URI_NO_ENCODED_CHARS	GET	200	/redfish/v1/odata	PASS	Test passed	URIs shall not include any percent-encoding of characters.
PROTO_URI_NO_ENCODED_CHARS	GET	200	/redfish/v1	PASS	Test passed	URIs shall not include any percent-encoding of characters.
PROTO_URI_NO_ENCODED_CHARS	GET	200	/redfish/v1/$metadata	PASS	Test passed	URIs shall not include any percent-encoding of characters.
PROTO_URI_NO_ENCODED_CHARS	GET	200	/redfish/v1/	PASS	Test passed	URIs shall not include any percent-encoding of characters.
PROTO_URI_NO_ENCODED_CHARS	GET	200	/redfish/v1/Systems	PASS	Test passed	URIs shall not include any percent-encoding of characters.
PROTO_URI_NO_ENCODED_CHARS	GET	200	/redfish/v1/Systems/system	PASS	Test passed	URIs shall not include any percent-encoding of characters.
PROTO_URI_NO_ENCODED_CHARS	GET	200	/redfish/v1/Chassis	PASS	Test passed	URIs shall not include any percent-encoding of characters.
PROTO_URI_NO_ENCODED_CHARS	GET	200	/redfish/v1/Chassis/chassis	PASS	Test passed	URIs shall not include any percent-encoding of characters.
PROTO_URI_NO_ENCODED_CHARS	GET	200	/redfish/v1/Managers	PASS	Test passed	URIs shall not include any percent-encoding of characters.
PROTO_URI_NO_ENCODED_CHARS	GET	200	/redfish/v1/Managers/bmc	PASS	Test passed	URIs shall not include any percent-encoding of characters.
PROTO_URI_NO_ENCODED_CHARS	GET	200	/redfish/v1/Managers/bmc/NetworkProtocol	PASS	Test passed	URIs shall not include any percent-encoding of characters.
PROTO_URI_NO_ENCODED_CHARS	GET	200	/redfish/v1/Managers/bmc/NetworkProtocol/HTTPS/Certificates	PASS	Test passed	URIs shall not include any percent-encoding of characters.
PROTO_URI_NO_ENCODED_CHARS	GET	200	/redfish/v1/AccountService	PASS	Test passed	URIs shall not include any percent-encoding of characters.
PROTO_URI_NO_ENCODED_CHARS	GET	200	/redfish/v1/AccountService/Accounts	PASS	Test passed	URIs shall not include any percent-encoding of characters.
PROTO_URI_NO_ENCODED_CHARS	GET	200	/redfish/v1/AccountService/Accounts/root	PASS	Test passed	URIs shall not include any percent-encoding of characters.
PROTO_URI_NO_ENCODED_CHARS	GET	200	/redfish/v1/AccountService/Roles	PASS	Test passed	URIs shall not include any percent-encoding of characters.
PROTO_URI_NO_ENCODED_CHARS	GET	200	/redfish/v1/AccountService/Roles/Administrator	PASS	Test passed	URIs shall not include any percent-encoding of characters.
PROTO_URI_NO_ENCODED_CHARS	GET	200	/redfish/v1/AccountService/Roles/Operator	PASS	Test passed	URIs shall not include any percent-encoding of characters.
PROTO_URI_NO_ENCODED_CHARS	GET	200	/redfish/v1/AccountService/Roles/ReadOnly	PASS	Test passed	URIs shall not include any percent-encoding of characters.
PROTO_URI_NO_ENCODED_CHARS	GET	200	/redfish/v1/AccountService/Roles/NoAccess	PASS	Test passed	URIs shall not include any percent-encoding of characters.
PROTO_URI_NO_ENCODED_CHARS	GET	200	/redfish/v1/SessionService	PASS	Test passed	URIs shall not include any percent-encoding of characters.
PROTO_URI_NO_ENCODED_CHARS	GET	200	/redfish/v1/SessionService/Sessions	PASS	Test passed	URIs shall not include any percent-encoding of characters.
PROTO_URI_NO_ENCODED_CHARS	GET	200	/redfish/v1/SessionService/Sessions/vMT2puJqdL	PASS	Test passed	URIs shall not include any percent-encoding of characters.
PROTO_URI_NO_ENCODED_CHARS	GET	200	/redfish/v1/EventService	PASS	Test passed	URIs shall not include any percent-encoding of characters.
PROTO_URI_NO_ENCODED_CHARS	GET	200	/redfish/v1/CertificateService	PASS	Test passed	URIs shall not include any percent-encoding of characters.
PROTO_URI_NO_ENCODED_CHARS	HEAD	405	/redfish/v1/	PASS	Test passed	URIs shall not include any percent-encoding of characters.
PROTO_URI_NO_ENCODED_CHARS	POST	201	/redfish/v1/SessionService/Sessions	PASS	Test passed	URIs shall not include any percent-encoding of characters.
PROTO_URI_NO_ENCODED_CHARS	POST	400	/redfish/v1/AccountService/Accounts	PASS	Test passed	URIs shall not include any percent-encoding of characters.
PROTO_URI_NO_ENCODED_CHARS	DELETE	200	/redfish/v1/SessionService/Sessions/52vk8M1qWN	PASS	Test passed	URIs shall not include any percent-encoding of characters.
PROTO_URI_NO_ENCODED_CHARS	DELETE	200	/redfish/v1/SessionService/Sessions/E9DHhfh3q1	PASS	Test passed	URIs shall not include any percent-encoding of characters.
PROTO_URI_NO_ENCODED_CHARS	DELETE	405	/redfish/v1/	PASS	Test passed	URIs shall not include any percent-encoding of characters.
PROTO_URI_RELATIVE_REFS	GET	200	/redfish	PASS	Test passed	All relative references (see RFC3986) that the service uses shall start with either: A double forward slash (//) and include the authority (network-path), such as //mgmt.vendor.com/redfish/v1/Systems, or a single forward slash (/) and include the absolute-path, such as /redfish/v1/Systems.
PROTO_URI_RELATIVE_REFS	GET	200	/redfish/v1/odata	PASS	Test passed	All relative references (see RFC3986) that the service uses shall start with either: A double forward slash (//) and include the authority (network-path), such as //mgmt.vendor.com/redfish/v1/Systems, or a single forward slash (/) and include the absolute-path, such as /redfish/v1/Systems.
PROTO_URI_RELATIVE_REFS	GET	200	/redfish/v1	PASS	Test passed	All relative references (see RFC3986) that the service uses shall start with either: A double forward slash (//) and include the authority (network-path), such as //mgmt.vendor.com/redfish/v1/Systems, or a single forward slash (/) and include the absolute-path, such as /redfish/v1/Systems.
PROTO_URI_RELATIVE_REFS	GET	200	/redfish/v1/$metadata	PASS	Test passed	All relative references (see RFC3986) that the service uses shall start with either: A double forward slash (//) and include the authority (network-path), such as //mgmt.vendor.com/redfish/v1/Systems, or a single forward slash (/) and include the absolute-path, such as /redfish/v1/Systems.
PROTO_URI_RELATIVE_REFS	GET	200	/redfish/v1/	PASS	Test passed	All relative references (see RFC3986) that the service uses shall start with either: A double forward slash (//) and include the authority (network-path), such as //mgmt.vendor.com/redfish/v1/Systems, or a single forward slash (/) and include the absolute-path, such as /redfish/v1/Systems.
PROTO_URI_RELATIVE_REFS	GET	200	/redfish/v1/Systems	PASS	Test passed	All relative references (see RFC3986) that the service uses shall start with either: A double forward slash (//) and include the authority (network-path), such as //mgmt.vendor.com/redfish/v1/Systems, or a single forward slash (/) and include the absolute-path, such as /redfish/v1/Systems.
PROTO_URI_RELATIVE_REFS	GET	200	/redfish/v1/Systems/system	PASS	Test passed	All relative references (see RFC3986) that the service uses shall start with either: A double forward slash (//) and include the authority (network-path), such as //mgmt.vendor.com/redfish/v1/Systems, or a single forward slash (/) and include the absolute-path, such as /redfish/v1/Systems.
PROTO_URI_RELATIVE_REFS	GET	200	/redfish/v1/Chassis	PASS	Test passed	All relative references (see RFC3986) that the service uses shall start with either: A double forward slash (//) and include the authority (network-path), such as //mgmt.vendor.com/redfish/v1/Systems, or a single forward slash (/) and include the absolute-path, such as /redfish/v1/Systems.
PROTO_URI_RELATIVE_REFS	GET	200	/redfish/v1/Chassis/chassis	PASS	Test passed	All relative references (see RFC3986) that the service uses shall start with either: A double forward slash (//) and include the authority (network-path), such as //mgmt.vendor.com/redfish/v1/Systems, or a single forward slash (/) and include the absolute-path, such as /redfish/v1/Systems.
PROTO_URI_RELATIVE_REFS	GET	200	/redfish/v1/Managers	PASS	Test passed	All relative references (see RFC3986) that the service uses shall start with either: A double forward slash (//) and include the authority (network-path), such as //mgmt.vendor.com/redfish/v1/Systems, or a single forward slash (/) and include the absolute-path, such as /redfish/v1/Systems.
PROTO_URI_RELATIVE_REFS	GET	200	/redfish/v1/Managers/bmc	PASS	Test passed	All relative references (see RFC3986) that the service uses shall start with either: A double forward slash (//) and include the authority (network-path), such as //mgmt.vendor.com/redfish/v1/Systems, or a single forward slash (/) and include the absolute-path, such as /redfish/v1/Systems.
PROTO_URI_RELATIVE_REFS	GET	200	/redfish/v1/Managers/bmc/NetworkProtocol	PASS	Test passed	All relative references (see RFC3986) that the service uses shall start with either: A double forward slash (//) and include the authority (network-path), such as //mgmt.vendor.com/redfish/v1/Systems, or a single forward slash (/) and include the absolute-path, such as /redfish/v1/Systems.
PROTO_URI_RELATIVE_REFS	GET	200	/redfish/v1/Managers/bmc/NetworkProtocol/HTTPS/Certificates	PASS	Test passed	All relative references (see RFC3986) that the service uses shall start with either: A double forward slash (//) and include the authority (network-path), such as //mgmt.vendor.com/redfish/v1/Systems, or a single forward slash (/) and include the absolute-path, such as /redfish/v1/Systems.
PROTO_URI_RELATIVE_REFS	GET	200	/redfish/v1/AccountService	PASS	Test passed	All relative references (see RFC3986) that the service uses shall start with either: A double forward slash (//) and include the authority (network-path), such as //mgmt.vendor.com/redfish/v1/Systems, or a single forward slash (/) and include the absolute-path, such as /redfish/v1/Systems.
PROTO_URI_RELATIVE_REFS	GET	200	/redfish/v1/AccountService/Accounts	PASS	Test passed	All relative references (see RFC3986) that the service uses shall start with either: A double forward slash (//) and include the authority (network-path), such as //mgmt.vendor.com/redfish/v1/Systems, or a single forward slash (/) and include the absolute-path, such as /redfish/v1/Systems.
PROTO_URI_RELATIVE_REFS	GET	200	/redfish/v1/AccountService/Accounts/root	PASS	Test passed	All relative references (see RFC3986) that the service uses shall start with either: A double forward slash (//) and include the authority (network-path), such as //mgmt.vendor.com/redfish/v1/Systems, or a single forward slash (/) and include the absolute-path, such as /redfish/v1/Systems.
PROTO_URI_RELATIVE_REFS	GET	200	/redfish/v1/AccountService/Roles	PASS	Test passed	All relative references (see RFC3986) that the service uses shall start with either: A double forward slash (//) and include the authority (network-path), such as //mgmt.vendor.com/redfish/v1/Systems, or a single forward slash (/) and include the absolute-path, such as /redfish/v1/Systems.
PROTO_URI_RELATIVE_REFS	GET	200	/redfish/v1/AccountService/Roles/Administrator	PASS	Test passed	All relative references (see RFC3986) that the service uses shall start with either: A double forward slash (//) and include the authority (network-path), such as //mgmt.vendor.com/redfish/v1/Systems, or a single forward slash (/) and include the absolute-path, such as /redfish/v1/Systems.
PROTO_URI_RELATIVE_REFS	GET	200	/redfish/v1/AccountService/Roles/Operator	PASS	Test passed	All relative references (see RFC3986) that the service uses shall start with either: A double forward slash (//) and include the authority (network-path), such as //mgmt.vendor.com/redfish/v1/Systems, or a single forward slash (/) and include the absolute-path, such as /redfish/v1/Systems.
PROTO_URI_RELATIVE_REFS	GET	200	/redfish/v1/AccountService/Roles/ReadOnly	PASS	Test passed	All relative references (see RFC3986) that the service uses shall start with either: A double forward slash (//) and include the authority (network-path), such as //mgmt.vendor.com/redfish/v1/Systems, or a single forward slash (/) and include the absolute-path, such as /redfish/v1/Systems.
PROTO_URI_RELATIVE_REFS	GET	200	/redfish/v1/AccountService/Roles/NoAccess	PASS	Test passed	All relative references (see RFC3986) that the service uses shall start with either: A double forward slash (//) and include the authority (network-path), such as //mgmt.vendor.com/redfish/v1/Systems, or a single forward slash (/) and include the absolute-path, such as /redfish/v1/Systems.
PROTO_URI_RELATIVE_REFS	GET	200	/redfish/v1/SessionService	PASS	Test passed	All relative references (see RFC3986) that the service uses shall start with either: A double forward slash (//) and include the authority (network-path), such as //mgmt.vendor.com/redfish/v1/Systems, or a single forward slash (/) and include the absolute-path, such as /redfish/v1/Systems.
PROTO_URI_RELATIVE_REFS	GET	200	/redfish/v1/SessionService/Sessions	PASS	Test passed	All relative references (see RFC3986) that the service uses shall start with either: A double forward slash (//) and include the authority (network-path), such as //mgmt.vendor.com/redfish/v1/Systems, or a single forward slash (/) and include the absolute-path, such as /redfish/v1/Systems.
PROTO_URI_RELATIVE_REFS	GET	200	/redfish/v1/SessionService/Sessions/vMT2puJqdL	PASS	Test passed	All relative references (see RFC3986) that the service uses shall start with either: A double forward slash (//) and include the authority (network-path), such as //mgmt.vendor.com/redfish/v1/Systems, or a single forward slash (/) and include the absolute-path, such as /redfish/v1/Systems.
PROTO_URI_RELATIVE_REFS	GET	200	/redfish/v1/EventService	PASS	Test passed	All relative references (see RFC3986) that the service uses shall start with either: A double forward slash (//) and include the authority (network-path), such as //mgmt.vendor.com/redfish/v1/Systems, or a single forward slash (/) and include the absolute-path, such as /redfish/v1/Systems.
PROTO_URI_RELATIVE_REFS	GET	200	/redfish/v1/CertificateService	PASS	Test passed	All relative references (see RFC3986) that the service uses shall start with either: A double forward slash (//) and include the authority (network-path), such as //mgmt.vendor.com/redfish/v1/Systems, or a single forward slash (/) and include the absolute-path, such as /redfish/v1/Systems.
PROTO_URI_RELATIVE_REFS	HEAD	405	/redfish/v1/	PASS	Test passed	All relative references (see RFC3986) that the service uses shall start with either: A double forward slash (//) and include the authority (network-path), such as //mgmt.vendor.com/redfish/v1/Systems, or a single forward slash (/) and include the absolute-path, such as /redfish/v1/Systems.
PROTO_URI_RELATIVE_REFS	POST	201	/redfish/v1/SessionService/Sessions	PASS	Test passed	All relative references (see RFC3986) that the service uses shall start with either: A double forward slash (//) and include the authority (network-path), such as //mgmt.vendor.com/redfish/v1/Systems, or a single forward slash (/) and include the absolute-path, such as /redfish/v1/Systems.
PROTO_URI_RELATIVE_REFS	POST	400	/redfish/v1/AccountService/Accounts	PASS	Test passed	All relative references (see RFC3986) that the service uses shall start with either: A double forward slash (//) and include the authority (network-path), such as //mgmt.vendor.com/redfish/v1/Systems, or a single forward slash (/) and include the absolute-path, such as /redfish/v1/Systems.
PROTO_URI_RELATIVE_REFS	DELETE	200	/redfish/v1/SessionService/Sessions/52vk8M1qWN	PASS	Test passed	All relative references (see RFC3986) that the service uses shall start with either: A double forward slash (//) and include the authority (network-path), such as //mgmt.vendor.com/redfish/v1/Systems, or a single forward slash (/) and include the absolute-path, such as /redfish/v1/Systems.
PROTO_URI_RELATIVE_REFS	DELETE	200	/redfish/v1/SessionService/Sessions/E9DHhfh3q1	PASS	Test passed	All relative references (see RFC3986) that the service uses shall start with either: A double forward slash (//) and include the authority (network-path), such as //mgmt.vendor.com/redfish/v1/Systems, or a single forward slash (/) and include the absolute-path, such as /redfish/v1/Systems.
PROTO_URI_RELATIVE_REFS	DELETE	405	/redfish/v1/	PASS	Test passed	All relative references (see RFC3986) that the service uses shall start with either: A double forward slash (//) and include the authority (network-path), such as //mgmt.vendor.com/redfish/v1/Systems, or a single forward slash (/) and include the absolute-path, such as /redfish/v1/Systems.
PROTO_URI_SAFE_CHARS	GET	200	/redfish	PASS	Test passed	URIs shall not include any RFC1738-defined unsafe characters.
PROTO_URI_SAFE_CHARS	GET	200	/redfish/v1/odata	PASS	Test passed	URIs shall not include any RFC1738-defined unsafe characters.
PROTO_URI_SAFE_CHARS	GET	200	/redfish/v1	PASS	Test passed	URIs shall not include any RFC1738-defined unsafe characters.
PROTO_URI_SAFE_CHARS	GET	200	/redfish/v1/$metadata	PASS	Test passed	URIs shall not include any RFC1738-defined unsafe characters.
PROTO_URI_SAFE_CHARS	GET	200	/redfish/v1/	PASS	Test passed	URIs shall not include any RFC1738-defined unsafe characters.
PROTO_URI_SAFE_CHARS	GET	200	/redfish/v1/Systems	PASS	Test passed	URIs shall not include any RFC1738-defined unsafe characters.
PROTO_URI_SAFE_CHARS	GET	200	/redfish/v1/Systems/system	PASS	Test passed	URIs shall not include any RFC1738-defined unsafe characters.
PROTO_URI_SAFE_CHARS	GET	200	/redfish/v1/Chassis	PASS	Test passed	URIs shall not include any RFC1738-defined unsafe characters.
PROTO_URI_SAFE_CHARS	GET	200	/redfish/v1/Chassis/chassis	PASS	Test passed	URIs shall not include any RFC1738-defined unsafe characters.
PROTO_URI_SAFE_CHARS	GET	200	/redfish/v1/Managers	PASS	Test passed	URIs shall not include any RFC1738-defined unsafe characters.
PROTO_URI_SAFE_CHARS	GET	200	/redfish/v1/Managers/bmc	PASS	Test passed	URIs shall not include any RFC1738-defined unsafe characters.
PROTO_URI_SAFE_CHARS	GET	200	/redfish/v1/Managers/bmc/NetworkProtocol	PASS	Test passed	URIs shall not include any RFC1738-defined unsafe characters.
PROTO_URI_SAFE_CHARS	GET	200	/redfish/v1/Managers/bmc/NetworkProtocol/HTTPS/Certificates	PASS	Test passed	URIs shall not include any RFC1738-defined unsafe characters.
PROTO_URI_SAFE_CHARS	GET	200	/redfish/v1/AccountService	PASS	Test passed	URIs shall not include any RFC1738-defined unsafe characters.
PROTO_URI_SAFE_CHARS	GET	200	/redfish/v1/AccountService/Accounts	PASS	Test passed	URIs shall not include any RFC1738-defined unsafe characters.
PROTO_URI_SAFE_CHARS	GET	200	/redfish/v1/AccountService/Accounts/root	PASS	Test passed	URIs shall not include any RFC1738-defined unsafe characters.
PROTO_URI_SAFE_CHARS	GET	200	/redfish/v1/AccountService/Roles	PASS	Test passed	URIs shall not include any RFC1738-defined unsafe characters.
PROTO_URI_SAFE_CHARS	GET	200	/redfish/v1/AccountService/Roles/Administrator	PASS	Test passed	URIs shall not include any RFC1738-defined unsafe characters.
PROTO_URI_SAFE_CHARS	GET	200	/redfish/v1/AccountService/Roles/Operator	PASS	Test passed	URIs shall not include any RFC1738-defined unsafe characters.
PROTO_URI_SAFE_CHARS	GET	200	/redfish/v1/AccountService/Roles/ReadOnly	PASS	Test passed	URIs shall not include any RFC1738-defined unsafe characters.
PROTO_URI_SAFE_CHARS	GET	200	/redfish/v1/AccountService/Roles/NoAccess	PASS	Test passed	URIs shall not include any RFC1738-defined unsafe characters.
PROTO_URI_SAFE_CHARS	GET	200	/redfish/v1/SessionService	PASS	Test passed	URIs shall not include any RFC1738-defined unsafe characters.
PROTO_URI_SAFE_CHARS	GET	200	/redfish/v1/SessionService/Sessions	PASS	Test passed	URIs shall not include any RFC1738-defined unsafe characters.
PROTO_URI_SAFE_CHARS	GET	200	/redfish/v1/SessionService/Sessions/vMT2puJqdL	PASS	Test passed	URIs shall not include any RFC1738-defined unsafe characters.
PROTO_URI_SAFE_CHARS	GET	200	/redfish/v1/EventService	PASS	Test passed	URIs shall not include any RFC1738-defined unsafe characters.
PROTO_URI_SAFE_CHARS	GET	200	/redfish/v1/CertificateService	PASS	Test passed	URIs shall not include any RFC1738-defined unsafe characters.
PROTO_URI_SAFE_CHARS	HEAD	405	/redfish/v1/	PASS	Test passed	URIs shall not include any RFC1738-defined unsafe characters.
PROTO_URI_SAFE_CHARS	POST	201	/redfish/v1/SessionService/Sessions	PASS	Test passed	URIs shall not include any RFC1738-defined unsafe characters.
PROTO_URI_SAFE_CHARS	POST	400	/redfish/v1/AccountService/Accounts	PASS	Test passed	URIs shall not include any RFC1738-defined unsafe characters.
PROTO_URI_SAFE_CHARS	DELETE	200	/redfish/v1/SessionService/Sessions/52vk8M1qWN	PASS	Test passed	URIs shall not include any RFC1738-defined unsafe characters.
PROTO_URI_SAFE_CHARS	DELETE	200	/redfish/v1/SessionService/Sessions/E9DHhfh3q1	PASS	Test passed	URIs shall not include any RFC1738-defined unsafe characters.
PROTO_URI_SAFE_CHARS	DELETE	405	/redfish/v1/	PASS	Test passed	URIs shall not include any RFC1738-defined unsafe characters.
REQ_DATA_MOD_ERRORS	POST	400	/redfish/v1/AccountService/Accounts	PASS	Test passed	Otherwise, if the service returns a client 4XX or service 5XX status code, the service encountered an error and the resource shall not have been modified or created as a result of the operation.
REQ_DELETE_METHOD_REQUIRED	DELETE	200	/redfish/v1/SessionService/Sessions/52vk8M1qWN	PASS	Test passed	To remove a resource, the service shall support the DELETE method.
REQ_DELETE_NON_DELETABLE_RESOURCE	DELETE	405	/redfish/v1/	PASS	Test passed	If the resource can never be deleted, the service shall return the HTTP 405 Method Not Allowed status code.
REQ_GET_COLLECTION_COUNT_PROP_REQUIRED	GET	200	/redfish/v1/SessionService/Sessions	PASS	Test passed	Retrieved resource collections shall always include the count property to specify the total number of entries in its Members array.
REQ_GET_COLLECTION_COUNT_PROP_TOTAL	GET	200	/redfish/v1/SessionService/Sessions	PASS	Test passed	Regardless of the next link property or paging, the count property shall return the total number of resources that the Members array references.
REQ_GET_IGNORE_BODY	GET	200	/redfish/v1/	PASS	Test passed	The service shall ignore the content of the body on a GET.
REQ_GET_METADATA_ODATA_NO_AUTH	GET	200	/redfish/v1/$metadata	PASS	Test passed	Service shall not require authentication to retrieve the OData metadata document or the OData service document.
REQ_GET_METADATA_ODATA_NO_AUTH	GET	200	/redfish/v1/odata	PASS	Test passed	Service shall not require authentication to retrieve the OData metadata document or the OData service document.
REQ_GET_METADATA_URI	GET	200	/redfish/v1/$metadata	PASS	Test passed	Service shall expose an OData metadata document at the /redfish/v1/$metadata URI.
REQ_GET_NO_ACCEPT_HEADER	GET	200	/redfish/v1/	PASS	Test passed	If the Accept header is absent, the service shall return the resource's representation as application/json.
REQ_GET_ODATA_URI	GET	200	/redfish/v1/odata	PASS	Test passed	Service shall expose an OData service document at the /redfish/v1/odata URI.
REQ_GET_SERVICE_ROOT_NO_AUTH	GET	200	/redfish	PASS	Test passed	Services shall not require authentication to retrieve the Service Root and /redfish resources.
REQ_GET_SERVICE_ROOT_NO_AUTH	GET	200	/redfish/v1/	PASS	Test passed	Services shall not require authentication to retrieve the Service Root and /redfish resources.
REQ_GET_SERVICE_ROOT_URL	GET	200	/redfish/v1/	PASS	Test passed	The root URL for Redfish version 1.x services shall be /redfish/v1/.
REQ_HEADERS_ACCEPT	GET	200	/redfish/v1/	PASS	Test passed for header Accept: application/json	Redfish Services shall process the [Accept header] in the following table as defined by the HTTP 1.1 specification if the value in the Service Requirement column is set to "Yes", or if the value is "Conditional" under the conditions noted in the Description column.
REQ_HEADERS_ACCEPT	GET	200	/redfish/v1/	PASS	Test passed for header Accept: application/json;charset=utf-8	Redfish Services shall process the [Accept header] in the following table as defined by the HTTP 1.1 specification if the value in the Service Requirement column is set to "Yes", or if the value is "Conditional" under the conditions noted in the Description column.
REQ_HEADERS_ACCEPT	GET	200	/redfish/v1/	PASS	Test passed for header Accept: application/*	Redfish Services shall process the [Accept header] in the following table as defined by the HTTP 1.1 specification if the value in the Service Requirement column is set to "Yes", or if the value is "Conditional" under the conditions noted in the Description column.
REQ_HEADERS_ACCEPT	GET	200	/redfish/v1/	PASS	Test passed for header Accept: application/*;charset=utf-8	Redfish Services shall process the [Accept header] in the following table as defined by the HTTP 1.1 specification if the value in the Service Requirement column is set to "Yes", or if the value is "Conditional" under the conditions noted in the Description column.
REQ_HEADERS_ACCEPT	GET	200	/redfish/v1/	PASS	Test passed for header Accept: */*	Redfish Services shall process the [Accept header] in the following table as defined by the HTTP 1.1 specification if the value in the Service Requirement column is set to "Yes", or if the value is "Conditional" under the conditions noted in the Description column.
REQ_HEADERS_ACCEPT	GET	200	/redfish/v1/	PASS	Test passed for header Accept: */*;charset=utf-8	Redfish Services shall process the [Accept header] in the following table as defined by the HTTP 1.1 specification if the value in the Service Requirement column is set to "Yes", or if the value is "Conditional" under the conditions noted in the Description column.
REQ_HEADERS_ACCEPT	GET	200	/redfish/v1/$metadata	PASS	Test passed for header Accept: application/xml	Redfish Services shall process the [Accept header] in the following table as defined by the HTTP 1.1 specification if the value in the Service Requirement column is set to "Yes", or if the value is "Conditional" under the conditions noted in the Description column.
REQ_HEADERS_ACCEPT	GET	200	/redfish/v1/$metadata	PASS	Test passed for header Accept: application/xml;charset=utf-8	Redfish Services shall process the [Accept header] in the following table as defined by the HTTP 1.1 specification if the value in the Service Requirement column is set to "Yes", or if the value is "Conditional" under the conditions noted in the Description column.
REQ_HEADERS_ACCEPT	GET	200	/redfish/v1/$metadata	PASS	Test passed for header Accept: application/*	Redfish Services shall process the [Accept header] in the following table as defined by the HTTP 1.1 specification if the value in the Service Requirement column is set to "Yes", or if the value is "Conditional" under the conditions noted in the Description column.
REQ_HEADERS_ACCEPT	GET	200	/redfish/v1/$metadata	PASS	Test passed for header Accept: application/*;charset=utf-8	Redfish Services shall process the [Accept header] in the following table as defined by the HTTP 1.1 specification if the value in the Service Requirement column is set to "Yes", or if the value is "Conditional" under the conditions noted in the Description column.
REQ_HEADERS_ACCEPT	GET	200	/redfish/v1/$metadata	PASS	Test passed for header Accept: */*	Redfish Services shall process the [Accept header] in the following table as defined by the HTTP 1.1 specification if the value in the Service Requirement column is set to "Yes", or if the value is "Conditional" under the conditions noted in the Description column.
REQ_HEADERS_ACCEPT	GET	200	/redfish/v1/$metadata	PASS	Test passed for header Accept: */*;charset=utf-8	Redfish Services shall process the [Accept header] in the following table as defined by the HTTP 1.1 specification if the value in the Service Requirement column is set to "Yes", or if the value is "Conditional" under the conditions noted in the Description column.
REQ_HEADERS_ACCEPT	GET	404	/redfish/v1/openapi.yaml	NOT_TESTED	Resource at URI /redfish/v1/openapi.yaml not found; unable to test this assertion for header Accept	Redfish Services shall process the [Accept header] in the following table as defined by the HTTP 1.1 specification if the value in the Service Requirement column is set to "Yes", or if the value is "Conditional" under the conditions noted in the Description column.
REQ_HEADERS_AUTHORIZATION	GET	200	/redfish/v1/SessionService/Sessions	PASS	Test passed for header Authorization	Redfish Services shall process the [Authorization header] in the following table as defined by the HTTP 1.1 specification if the value in the Service Requirement column is set to "Yes", or if the value is "Conditional" under the conditions noted in the Description column.
REQ_HEADERS_CONTENT_TYPE				NOT_TESTED	No successful PATCH or POST response found using header Content-Type: application/json; unable to test this assertion for that Content-Type	Redfish Services shall process the [Content-Type header] in the following table as defined by the HTTP 1.1 specification if the value in the Service Requirement column is set to "Yes", or if the value is "Conditional" under the conditions noted in the Description column.
REQ_HEADERS_CONTENT_TYPE	POST	201	/redfish/v1/SessionService/Sessions	PASS	Test passed for header Content-Type: application/json;charset=utf-8	Redfish Services shall process the [Content-Type header] in the following table as defined by the HTTP 1.1 specification if the value in the Service Requirement column is set to "Yes", or if the value is "Conditional" under the conditions noted in the Description column.
REQ_HEADERS_HOST	GET	200	/redfish/v1/	PASS	Test passed for header Host	Redfish Services shall process the [Host header] in the following table as defined by the HTTP 1.1 specification if the value in the Service Requirement column is set to "Yes", or if the value is "Conditional" under the conditions noted in the Description column.
REQ_HEADERS_IF_MATCH				NOT_TESTED	No successful PATCH response using If-Match header was found; unable to test this assertion	Redfish Services shall process the [If-Match header] in the following table as defined by the HTTP 1.1 specification if the value in the Service Requirement column is set to "Yes", or if the value is "Conditional" under the conditions noted in the Description column.
REQ_HEADERS_IF_MATCH				NOT_TESTED	No PATCH response using incorrect If-Match header that returned status 412 was found; unable to test this assertion	Redfish Services shall process the [If-Match header] in the following table as defined by the HTTP 1.1 specification if the value in the Service Requirement column is set to "Yes", or if the value is "Conditional" under the conditions noted in the Description column.
REQ_HEADERS_ODATA_VERSION	GET	200	/redfish/v1/	PASS	Test passed for supported header OData-Version: 4.0	Redfish Services shall process the [OData-Version header] in the following table as defined by the HTTP 1.1 specification if the value in the Service Requirement column is set to "Yes", or if the value is "Conditional" under the conditions noted in the Description column.
REQ_HEADERS_ODATA_VERSION	GET	412	/redfish/v1/	PASS	Test passed for unsupported header OData-Version: 4.1	Redfish Services shall process the [OData-Version header] in the following table as defined by the HTTP 1.1 specification if the value in the Service Requirement column is set to "Yes", or if the value is "Conditional" under the conditions noted in the Description column.
REQ_HEADERS_USER_AGENT	GET	200	/redfish/v1/	PASS	Test passed for header User-Agent: python-requests/2.25.1	Redfish Services shall process the [User-Agent header] in the following table as defined by the HTTP 1.1 specification if the value in the Service Requirement column is set to "Yes", or if the value is "Conditional" under the conditions noted in the Description column.
REQ_HEADERS_X_AUTH_TOKEN	GET	200	/redfish/v1/SessionService/Sessions	PASS	Test passed for header X-Auth-Token	Redfish Services shall process the [X-Auth-Token header] in the following table as defined by the HTTP 1.1 specification if the value in the Service Requirement column is set to "Yes", or if the value is "Conditional" under the conditions noted in the Description column.
REQ_HEAD_DIFFERS_FROM_GET	HEAD	405	/redfish/v1/	FAIL	HEAD request to uri /redfish/v1/ failed with status 405	The HEAD method differs from the GET method in that it shall not return message body information.
REQ_PATCH_ARRAY_ELEMENT_REMOVE	PATCH	400	/redfish/v1/Managers/bmc/NetworkProtocol	FAIL	PATCH failed with status 400; resource: {'NTP': {'NTPServers': ['time-a-b.nist.gov', 'time-b-b.nist.gov']}}; PATCH payload: {'NTP': {'NTPServers': [None, 'time-b-b.nist.gov']}}; extended error: 	Within a PATCH request, the service shall accept null to remove an element.
REQ_PATCH_ARRAY_ELEMENT_UNCHANGED	PATCH	400	/redfish/v1/Managers/bmc/NetworkProtocol	FAIL	PATCH failed with status 400; resource: {'NTP': {'NTPServers': ['time-a-b.nist.gov', 'time-b-b.nist.gov']}}; PATCH payload: {'NTP': {'NTPServers': [{}, 'time-d-b.nist.gov']}}	Within a PATCH request, the service shall accept an empty object {} to leave an element unchanged
REQ_PATCH_ARRAY_TRUNCATE	PATCH	204	/redfish/v1/Managers/bmc/NetworkProtocol	PASS	Test passed	A PATCH request with fewer elements than in the current array shall remove the remaining elements of the array.
REQ_PATCH_BAD_PROP				NOT_TESTED	No PATCH responses found for this condition; unable to test this assertion	Modify a single property that can never be updated: Services shall return the HTTP 400 Bad Request status code and a resource representation with a message annotation that shows the non-updatable property.
REQ_PATCH_COLLECTION	PATCH	405	/redfish/v1/SessionService/Sessions	PASS	Test passed	A client PATCH request against a resource collection: Services shall return the HTTP 405 status code.
REQ_PATCH_MIXED_PROPS				NOT_TESTED	No PATCH responses found for this condition; unable to test this assertion	Modify several properties where one or more properties can never be updated: Services shall return the HTTP 200 OK status code and a resource representation with a message annotation that lists the non-updatable properties.
REQ_PATCH_ODATA_PROPS				NOT_TESTED	No PATCH responses found for this condition; unable to test this assertion	A client only provides OData annotations: Services shall return the HTTP 400 Bad Request status code with the NoOperation message from the Base Message Registry or one of the modification success responses.
REQ_PATCH_RO_RESOURCE	PATCH	405	/redfish/v1/SessionService/Sessions/52vk8M1qWN	PASS	Test passed	Modify a resource or all properties that can never be updated: Services shall return the HTTP 405 status code.
REQ_POST_CREATE_NOT_IDEMPOTENT	POST	201	/redfish/v1/SessionService/Sessions	PASS	Test passed	The POST operation shall not be idempotent.
REQ_POST_CREATE_NOT_SUPPORTED	POST	400	/redfish/v1/AccountService/Accounts	FAIL	POST request to URI /redfish/v1/AccountService/Accounts failed with 400; expected 405; extended error: 	If the service does not enable creation of resources, the service shall return the HTTP 405 Method Not Allowed status code.
REQ_POST_CREATE_TO_MEMBERS_PROP	POST	401	/redfish/v1/SessionService/Sessions/Members	FAIL	POST to Members property URI /redfish/v1/SessionService/Sessions/Members failed with status 401; extended error: 	Submitting a POST request to a resource collection is equivalent to submitting the same request to the Members property of that resource collection. Services that support the addition of Members to a resource collection shall support both forms.
REQ_POST_CREATE_URI_IN_LOCATION_HDR	POST	201	/redfish/v1/SessionService/Sessions	PASS	Test passed	Additionally, the service shall set the Location header in the response to the URI of the new resource.
REQ_POST_CREATE_VIA_COLLECTION	POST	201	/redfish/v1/SessionService/Sessions	PASS	Test passed	To create a resource, services shall support the POST method on resource collections.
REQ_QUERY_PROTOCOL_FEATURES_SUPPORTED				NOT_TESTED	No supported query parameters specified in the ProtocolFeaturesSupported object in the Service Root; unable to test query parameter assertions	Services shall include the ProtocolFeaturesSupported object in the Service Root, if the service supports query parameters.
RESP_HEADERS_ALLOW_GET_OR_HEAD	GET	200	/redfish/v1/	FAIL	The Allow header was missing from the response to the GET request to URI /redfish/v1/	[The Allow header] shall be returned with any GET or HEAD operation to indicate the other allowable operations for this resource.
RESP_HEADERS_ALLOW_GET_OR_HEAD	HEAD	405	/redfish/v1/	FAIL	The Allow header was missing from the response to the HEAD request to URI /redfish/v1/	[The Allow header] shall be returned with any GET or HEAD operation to indicate the other allowable operations for this resource.
RESP_HEADERS_ALLOW_METHOD_NOT_ALLOWED	HEAD	405	/redfish/v1/	FAIL	The Allow header was missing from response to HEAD request to /redfish/v1/	[The Allow header] shall be returned with the HTTP 405 (Method Not Allowed) status code to indicate the valid methods for the request URI.
RESP_HEADERS_ALLOW_METHOD_NOT_ALLOWED	DELETE	405	/redfish/v1/	FAIL	The Allow header was missing from response to DELETE request to /redfish/v1/	[The Allow header] shall be returned with the HTTP 405 (Method Not Allowed) status code to indicate the valid methods for the request URI.
RESP_HEADERS_ALLOW_METHOD_NOT_ALLOWED	PATCH	405	/redfish/v1/SessionService/Sessions	FAIL	The Allow header was missing from response to PATCH request to /redfish/v1/SessionService/Sessions	[The Allow header] shall be returned with the HTTP 405 (Method Not Allowed) status code to indicate the valid methods for the request URI.
RESP_HEADERS_ALLOW_METHOD_NOT_ALLOWED	PATCH	405	/redfish/v1/SessionService/Sessions/52vk8M1qWN	FAIL	The Allow header was missing from response to PATCH request to /redfish/v1/SessionService/Sessions/52vk8M1qWN	[The Allow header] shall be returned with the HTTP 405 (Method Not Allowed) status code to indicate the valid methods for the request URI.
RESP_HEADERS_CACHE_CONTROL	GET	200	/redfish/v1/	PASS	Test passed for header Cache-Control: no-Store,no-Cache	Redfish Services shall return the HTTP 1.1 Specification-defined [Cache-Control header] if the value in the Required column is Yes.
RESP_HEADERS_CONTENT_TYPE	GET	200	/redfish/v1/	PASS	Test passed for header Content-Type: application/json	Redfish Services shall return the HTTP 1.1 Specification-defined [Content-Type header] if the value in the Required column is Yes.
RESP_HEADERS_CONTENT_TYPE	GET	200	/redfish/v1/$metadata	PASS	Test passed for header Content-Type: application/xml	Redfish Services shall return the HTTP 1.1 Specification-defined [Content-Type header] if the value in the Required column is Yes.
RESP_HEADERS_CONTENT_TYPE	GET	404	/redfish/v1/openapi.yaml	NOT_TESTED	No successful response found for GET request to /redfish/v1/openapi.yaml; unable to test this assertion	Redfish Services shall return the HTTP 1.1 Specification-defined [Content-Type header] if the value in the Required column is Yes.
RESP_HEADERS_ETAG	GET	200	/redfish/v1/AccountService/Accounts/root	FAIL	The ETag header was missing from the response to the GET request to URI /redfish/v1/AccountService/Accounts/root	The ETag header shall be included on responses to GETs of ManagerAccount resources.
RESP_HEADERS_LINK_REL_DESCRIBED_BY	GET	200	/redfish/v1/	FAIL	The response did not include a Link header	A Link header containing rel=describedby shall be returned on GET and HEAD requests.
RESP_HEADERS_LINK_REL_DESCRIBED_BY	GET	200	/redfish/v1/SessionService/Sessions	FAIL	The response did not include a Link header	A Link header containing rel=describedby shall be returned on GET and HEAD requests.
RESP_HEADERS_LINK_REL_DESCRIBED_BY	GET	200	/redfish/v1/Managers/bmc/NetworkProtocol	FAIL	The response did not include a Link header	A Link header containing rel=describedby shall be returned on GET and HEAD requests.
RESP_HEADERS_LINK_REL_DESCRIBED_BY	GET	200	/redfish/v1/Systems	FAIL	The response did not include a Link header	A Link header containing rel=describedby shall be returned on GET and HEAD requests.
RESP_HEADERS_LINK_REL_DESCRIBED_BY	GET	200	/redfish/v1/AccountService/Accounts	FAIL	The response did not include a Link header	A Link header containing rel=describedby shall be returned on GET and HEAD requests.
RESP_HEADERS_LINK_REL_DESCRIBED_BY	GET	200	/redfish/v1/AccountService	FAIL	The response did not include a Link header	A Link header containing rel=describedby shall be returned on GET and HEAD requests.
RESP_HEADERS_LINK_REL_DESCRIBED_BY	HEAD	405	/redfish/v1/	NOT_TESTED	No successful response found for HEAD request to /redfish/v1/; unable to test this assertion	A Link header containing rel=describedby shall be returned on GET and HEAD requests.
RESP_HEADERS_LOCATION	POST	201	/redfish/v1/SessionService/Sessions	PASS	Test passed for header Location: /redfish/v1/SessionService/Sessions/E9DHhfh3q1	[The Location header] shall be returned upon creation of a resource. Location and X-Auth-Token shall be included on responses that create user sessions.
RESP_HEADERS_LOCATION	POST	201	/redfish/v1/SessionService/Sessions	PASS	Test passed for header X-Auth-Token	[The Location header] shall be returned upon creation of a resource. Location and X-Auth-Token shall be included on responses that create user sessions.
RESP_HEADERS_ODATA_VERSION	GET	200	/redfish/v1/	PASS	Test passed for header OData-Version: 4.0	Redfish Services shall return the HTTP 1.1 Specification-defined [OData-Version header] if the value in the Required column is Yes.
RESP_HEADERS_WWW_AUTHENTICATE	GET	401	/redfish/v1/SessionService/Sessions	FAIL	The WWW-Authenticate header was missing from the response to the GET request to URI /redfish/v1/SessionService/Sessions	Redfish Services shall return the HTTP 1.1 Specification-defined [WWW-Authenticate header] if the value in the Required column is Yes.
RESP_HEADERS_WWW_AUTHENTICATE	GET	401	/redfish/v1/Managers/bmc/NetworkProtocol	FAIL	The WWW-Authenticate header was missing from the response to the GET request to URI /redfish/v1/Managers/bmc/NetworkProtocol	Redfish Services shall return the HTTP 1.1 Specification-defined [WWW-Authenticate header] if the value in the Required column is Yes.
RESP_HEADERS_WWW_AUTHENTICATE	GET	401	/redfish/v1/Systems	FAIL	The WWW-Authenticate header was missing from the response to the GET request to URI /redfish/v1/Systems	Redfish Services shall return the HTTP 1.1 Specification-defined [WWW-Authenticate header] if the value in the Required column is Yes.
RESP_HEADERS_WWW_AUTHENTICATE	GET	401	/redfish/v1/AccountService/Accounts	FAIL	The WWW-Authenticate header was missing from the response to the GET request to URI /redfish/v1/AccountService/Accounts	Redfish Services shall return the HTTP 1.1 Specification-defined [WWW-Authenticate header] if the value in the Required column is Yes.
RESP_HEADERS_WWW_AUTHENTICATE	POST	401	/redfish/v1/AccountService/Accounts	FAIL	The WWW-Authenticate header was missing from the response to the POST request to URI /redfish/v1/AccountService/Accounts	Redfish Services shall return the HTTP 1.1 Specification-defined [WWW-Authenticate header] if the value in the Required column is Yes.
RESP_HEADERS_WWW_AUTHENTICATE	GET	401	/redfish/v1/AccountService	FAIL	The WWW-Authenticate header was missing from the response to the GET request to URI /redfish/v1/AccountService	Redfish Services shall return the HTTP 1.1 Specification-defined [WWW-Authenticate header] if the value in the Required column is Yes.
RESP_HEADERS_X_AUTH_TOKEN	POST	201	/redfish/v1/SessionService/Sessions	NOT_TESTED	The security token is not a hexadecimal string; unable to test this assertion	The token value [from the X-Auth-Token header] shall be indistinguishable from random.
RESP_ODATA_METADATA_ENTITY_CONTAINER	GET	200	/redfish/v1/$metadata	PASS	Test passed	The service's OData metadata document shall include an EntityContainer that defines the top-level resources and resource collections.
RESP_ODATA_METADATA_MIME_TYPE	GET	200	/redfish/v1/$metadata	PASS	Test passed	The service shall use the application/xml or application/xml;charset=utf-8 MIME types to return the OData metadata document as an XML document.
RESP_ODATA_SERVICE_CONTEXT	GET	200	/redfish/v1/odata	PASS	Test passed	The JSON object shall contain the @odata.context context property set to /redfish/v1/$metadata .
RESP_ODATA_SERVICE_MIME_TYPE	GET	200	/redfish/v1/odata	PASS	Test passed	The service shall use the application/json MIME type to return the OData service document as a JSON object.
RESP_ODATA_SERVICE_VALUE_PROP	GET	200	/redfish/v1/odata	PASS	Test passed	The JSON object shall include a value property set to a JSON array that contains an entry for the Service Root and each resource that is a direct child of the Service Root.
RESP_STATUS_BAD_REQUEST				NOT_TESTED	No response with a 400 status code was found; unable to test this assertion	[In a 400 Bad Request response] the response body shall return an extended error as defined in the Error responses clause.
RESP_STATUS_INTERNAL_SERVER_ERROR				NOT_TESTED	No response with a 500 status code was found; unable to test this assertion	[In a 500 Internal Server Error response] the response body shall return an extended error as defined in the Error responses clause.
SERV_EVENT_ERROR_MUTUALLY_EXCL_PROPS	POST	400	/redfish/v1/EventService/Subscriptions	PASS	Test passed	Services shall respond to a request to create a subscription with an error if the body of the request contains both RegistryPrefixes and MessageIds, and shall return the HTTP 400 Bad Request status code.
SERV_EVENT_ERROR_ON_BAD_REQUEST	POST	400	/redfish/v1/EventService/Subscriptions	PASS	Test passed	Services shall respond to a request to create a subscription with an error if the body of the request is conflicting.
SERV_EVENT_POST_RESP	POST	201	/redfish/v1/EventService/Subscriptions	PASS	Test passed	If the [Event Service] subscription request succeeds, the service shall return an HTTP 201 Created status code, and the Location header that contains a URI of the newly created subscription resource.
SERV_SSDP_AL_HEADER_POINTS_TO_SERVICE_ROOT				NOT_TESTED	Service not found via SSDP; unable to test this assertion	The managed device shall provide clients with the AL header that points to the Redfish Service Root URL.
SERV_SSDP_CAN_BE_DISABLED				NOT_TESTED	Service not found via SSDP; unable to test this assertion	Use of SSDP is optional, and if implemented, shall enable the user to disable the protocol through the ManagerNetworkProtocol resource.
SERV_SSDP_MSEARCH_RESPONDS_TO_REDFISH_OR_ALL				NOT_TESTED	Service not found via SSDP; unable to test this assertion	The managed device shall respond to M-SEARCH queries for Search Target (ST) of the Redfish Service, as well as ssdp:all.
SERV_SSDP_M_SEARCH_RESPONSE_FORMAT				NOT_TESTED	Service not found via SSDP; unable to test this assertion	The response to an M-SEARCH multicast or unicast query shall use the [example format shown].
SERV_SSDP_ST_HEADER_FORMAT				NOT_TESTED	Service not found via SSDP; unable to test this assertion	The URN provided in the ST header in the reply shall use the redfish-rest: service name followed by the major version of the Redfish Specification. If the minor version of the Redfish Specification to which the service conforms is a non-zero value, that minor version shall be appended with and preceded by a colon (:).
SERV_SSDP_USN_MATCHES_SERVICE_ROOT_UUID				NOT_TESTED	No SSDP responses found matching this service; unable to test this assertion	The UUID in the USN field of the service shall equal the UUID property in the Service Root.
SERV_SSDP_UUID_IN_CANONICAL_FORMAT				NOT_TESTED	Service not found via SSDP; unable to test this assertion	The unique ID shall be in the canonical UUID format, followed by ::dmtf-org.
SERV_SSE_BLANK_LINES_BETWEEN_EVENTS				NOT_TESTED	No ServerSentEvent stream opened; unable to test this assertion	Services shall separate events with blank lines. 
SERV_SSE_CLOSE_CONNECTION_IF_EVENT_DEST_DELETED				NOT_TESTED	No ServerSentEvent stream opened; unable to test this assertion	The service shall close the connection if the corresponding EventDestination resource is deleted.
SERV_SSE_CONNECTION_OPEN_UNTIL_CLOSED				NOT_TESTED	No ServerSentEvent stream opened; unable to test this assertion	If a client performs a GET on the URI specified by the ServerSentEventUri property, the service shall keep the connection open and conform to the HTML5 Specification until the client closes the socket.
SERV_SSE_DATA_FIELD_BASED_ON_PAYLOAD_FORMAT				NOT_TESTED	No ServerSentEvent events read; unable to test this assertion	The service shall use the data field in the SSE stream based on the payload format. The SSE streams have these formats: [metric report SSE stream and event message SSE stream].
SERV_SSE_EVENTS_SENT_VIA_OPEN_CONNECTION				NOT_TESTED	No ServerSentEvent events read; unable to test this assertion	Service-generated events shall be sent to the client by using the open connection.
SERV_SSE_EVENT_DEST_CONTEXT_OPAQUE_STR				NOT_TESTED	No EventDestination URI found; unable to test this assertion	The Context property in the EventDestination resource shall be a service-generated opaque string.
SERV_SSE_EVENT_DEST_DELETED_ON_CLOSE				NOT_TESTED	No ServerSentEvent stream opened; unable to test this assertion	The service shall delete the corresponding EventDestination resource when the connection is closed.
SERV_SSE_ID_FIELD_UNIQUELY_IDENTIFIES_PAYLOAD				NOT_TESTED	No ServerSentEvent events read; unable to test this assertion	The service shall use the id field in the SSE stream to uniquely identify a payload in the SSE stream.
SERV_SSE_JSON_EVENT_MESSAGE_FORMAT				NOT_TESTED	No ServerSentEvent events read; unable to test this assertion	The service shall use the data field in the SSE stream to include the JSON representation of the Event object.
SERV_SSE_JSON_METRIC_REPORT_FORMAT				NOT_TESTED	No ServerSentEvent events read; unable to test this assertion	The service shall use the data field in the SSE stream to include the JSON representation of the MetricReport object.
SERV_SSE_OPEN_CREATES_EVENT_DEST				NOT_TESTED	No ServerSentEventUri available; unable to test this assertion	When a client opens an SSE stream for the Event Service, the service shall create an EventDestination resource in the Subscriptions collection for the Event Service to represent the connection.
SERV_SSE_SUCCESSFUL_RESPONSE				NOT_TESTED	No ServerSentEventUri available; unable to test this assertion	Successful resource responses for SSE shall return the HTTP 200 OK status code and have a Content-Type header set as "text/event-stream" or "text/event-stream;charset=utf-8".
SERV_SSE_UNSUCCESSFUL_RESPONSE				NOT_TESTED	No ServerSentEventUri available; unable to test this assertion	Unsuccessful resource responses for SSE shall return an HTTP status code of 400 or greater, have a Content-Type header set as "application/json" or "application/json;charset=utf-8", and contain a JSON object in the response body, as described in Error responses, which details the error or errors.
SEC_ACCOUNTS_SUPPORT_ETAGS	PATCH			NOT_TESTED	No PATCH request to account resource with stale If-Match header found; unable to test this assertion	User accounts shall support ETags and atomic operations.
SEC_BASIC_AUTH_STANDALONE	GET	200	/redfish/v1/SessionService/Sessions	PASS	Test passed	Services shall not require a client that uses HTTP Basic authentication to create a session.
SEC_BOTH_AUTH_TYPES	GET	200	/redfish/v1/SessionService/Sessions	PASS	Test passed	Service shall support both "Basic authentication" and "Redfish session login authentication" (as described below under Session Management).
SEC_CERTS_CONFORM_X509V3				PASS	Test passed	Redfish implementations shall use certificates that conform to X.509-v3, as defined in RFC5280.
SEC_DEFAULT_CERT_REPLACE	GET	200	/redfish/v1/CertificateService	PASS	Test passed	Redfish implementations shall support replacement of the default certificate if one is provided.
SEC_HEADERS_FIRST	GET			NOT_TESTED	No ManagerAccount GET responses found with an ETag header; unable to test this assertion	Services shall process HTTP headers for authentication before other headers that may affect the response. [e.g., ETag, If-Modified, etc.]
SEC_NO_AUTH_COOKIES	POST	201	/redfish/v1/SessionService/Sessions	PASS	Test passed	Services shall not use HTTP cookies to authenticate any activity, such as GET, POST, PUT, PATCH, and DELETE.
SEC_NO_PRIV_INFO_IN_MSGS	GET	401	/redfish/v1/SessionService/Sessions	PASS	Test passed	When authentication fails, extended error messages shall not provide privileged information.
SEC_NO_PRIV_INFO_IN_MSGS	GET	401	/redfish/v1/RPVfoobar	PASS	Test passed	When authentication fails, extended error messages shall not provide privileged information.
SEC_NO_PRIV_INFO_IN_MSGS	POST	401	/redfish/v1/SessionService/Sessions	PASS	Test passed	When authentication fails, extended error messages shall not provide privileged information.
SEC_PRIV_ONE_ROLE_PRE_USER	GET	200	/redfish/v1/AccountService/Accounts/root	PASS	Test passed	Each user shall be assigned exactly one role.
SEC_PRIV_OPERATION_TO_PRIV_MAPPING	PATCH			NOT_TESTED	No response found attempting to PATCH an account using the credentials of other user; unable to test this assertion	For every request that a client makes to a service, the service shall determine that the authenticated identity of the requester has the authorization to complete the requested operation on the resource in the request.
SEC_PRIV_PREDEFINED_ROLE_NOT_MODIFIABLE	PATCH	405	/redfish/v1/AccountService/Roles/ReadOnly	PASS	Test passed	The AssignedPrivileges property in the Role resource for the predefined roles shall not be modifiable.
SEC_PRIV_SUPPORT_PREDEFINED_ROLES	GET	200	/redfish/v1/AccountService/Roles/Administrator	PASS	Test passed	Services shall support the previous predefined roles [Administrator, Operator, and ReadOnly].
SEC_PRIV_SUPPORT_PREDEFINED_ROLES	GET	200	/redfish/v1/AccountService/Roles/Operator	PASS	Test passed	Services shall support the previous predefined roles [Administrator, Operator, and ReadOnly].
SEC_PRIV_SUPPORT_PREDEFINED_ROLES	GET	200	/redfish/v1/AccountService/Roles/ReadOnly	PASS	Test passed	Services shall support the previous predefined roles [Administrator, Operator, and ReadOnly].
SEC_PWD_CHANGE_REQ_ALLOW_GET_ACCOUNT	GET			NOT_TESTED	No GET request to account URI found using account with PasswordChangeRequired set; unable to test this assertion	[When using an account with PasswordChangeRequired set to true] the service shall allow a GET operation on the ManagerAccount resource associated with the account.
SEC_PWD_CHANGE_REQ_ALLOW_PATCH_PASSWORD	PATCH			NOT_TESTED	No PATCH request to account URI found using account with PasswordChangeRequired set; unable to test this assertion	[When using an account with PasswordChangeRequired set to true] the service shall allow a PATCH operation on the ManagerAccount resource associated with the account to update the Password property. If the value of Password is changed, the service shall also set the PasswordChangeRequired property to false.
SEC_PWD_CHANGE_REQ_ALLOW_SESSION_LOGIN	POST		/redfish/v1/SessionService/Sessions	NOT_TESTED	PasswordChangeRequired property not found in account resource; unable to test this assertion	[When using an account with PasswordChangeRequired set to true] the service shall allow a session login and include a @Message.ExtendedInfo object in the response containing the PasswordChangeRequired message from the Base Message Registry.
SEC_PWD_CHANGE_REQ_DISALLOW_ALL_OTHERS	GET		/redfish/v1/SessionService/Sessions	NOT_TESTED	No GET request to /redfish/v1/SessionService/Sessions found using account with PasswordChangeRequired set; unable to test this assertion	For all other operations [when using an account with PasswordChangeRequired set to true], the service shall respond with the HTTP 403 Forbidden status code and include a @Message.ExtendedInfo object that contains the PasswordChangeRequired message from the Base Message Registry.
SEC_READ_REQUIRES_AUTH	GET	401	/redfish/v1/Managers/bmc/NetworkProtocol	PASS	Test passed	Redfish resources shall not be available as unauthenticated, except for [the service root, $metadata document, OData service document, OpenAPI YAML document, and version object].
SEC_READ_REQUIRES_AUTH	GET	401	/redfish/v1/CertificateService	PASS	Test passed	Redfish resources shall not be available as unauthenticated, except for [the service root, $metadata document, OData service document, OpenAPI YAML document, and version object].
SEC_READ_REQUIRES_AUTH	GET	200	/redfish/v1/odata	PASS	Test passed	Redfish resources shall not be available as unauthenticated, except for [the service root, $metadata document, OData service document, OpenAPI YAML document, and version object].
SEC_READ_REQUIRES_AUTH	GET	401	/redfish/v1/Chassis	PASS	Test passed	Redfish resources shall not be available as unauthenticated, except for [the service root, $metadata document, OData service document, OpenAPI YAML document, and version object].
SEC_READ_REQUIRES_AUTH	GET	401	/redfish/v1/AccountService/Roles	PASS	Test passed	Redfish resources shall not be available as unauthenticated, except for [the service root, $metadata document, OData service document, OpenAPI YAML document, and version object].
SEC_READ_REQUIRES_AUTH	GET	200	/redfish/v1	PASS	Test passed	Redfish resources shall not be available as unauthenticated, except for [the service root, $metadata document, OData service document, OpenAPI YAML document, and version object].
SEC_READ_REQUIRES_AUTH	GET	401	/redfish/v1/SessionService	PASS	Test passed	Redfish resources shall not be available as unauthenticated, except for [the service root, $metadata document, OData service document, OpenAPI YAML document, and version object].
SEC_READ_REQUIRES_AUTH	GET	401	/redfish/v1/Managers/bmc/NetworkProtocol/HTTPS/Certificates	PASS	Test passed	Redfish resources shall not be available as unauthenticated, except for [the service root, $metadata document, OData service document, OpenAPI YAML document, and version object].
SEC_READ_REQUIRES_AUTH	GET	401	/redfish/v1/AccountService/Roles/ReadOnly	PASS	Test passed	Redfish resources shall not be available as unauthenticated, except for [the service root, $metadata document, OData service document, OpenAPI YAML document, and version object].
SEC_READ_REQUIRES_AUTH	GET	401	/redfish/v1/Systems/system	PASS	Test passed	Redfish resources shall not be available as unauthenticated, except for [the service root, $metadata document, OData service document, OpenAPI YAML document, and version object].
SEC_READ_REQUIRES_AUTH	GET	200	/redfish	PASS	Test passed	Redfish resources shall not be available as unauthenticated, except for [the service root, $metadata document, OData service document, OpenAPI YAML document, and version object].
SEC_READ_REQUIRES_AUTH	GET	401	/redfish/v1/Managers	PASS	Test passed	Redfish resources shall not be available as unauthenticated, except for [the service root, $metadata document, OData service document, OpenAPI YAML document, and version object].
SEC_READ_REQUIRES_AUTH	GET	401	/redfish/v1/Managers/bmc	PASS	Test passed	Redfish resources shall not be available as unauthenticated, except for [the service root, $metadata document, OData service document, OpenAPI YAML document, and version object].
SEC_READ_REQUIRES_AUTH	GET	401	/redfish/v1/AccountService/Roles/NoAccess	PASS	Test passed	Redfish resources shall not be available as unauthenticated, except for [the service root, $metadata document, OData service document, OpenAPI YAML document, and version object].
SEC_READ_REQUIRES_AUTH	GET	401	/redfish/v1/SessionService/Sessions	PASS	Test passed	Redfish resources shall not be available as unauthenticated, except for [the service root, $metadata document, OData service document, OpenAPI YAML document, and version object].
SEC_READ_REQUIRES_AUTH	GET	401	/redfish/v1/AccountService/Accounts/root	PASS	Test passed	Redfish resources shall not be available as unauthenticated, except for [the service root, $metadata document, OData service document, OpenAPI YAML document, and version object].
SEC_READ_REQUIRES_AUTH	GET	401	/redfish/v1/AccountService/Accounts	PASS	Test passed	Redfish resources shall not be available as unauthenticated, except for [the service root, $metadata document, OData service document, OpenAPI YAML document, and version object].
SEC_READ_REQUIRES_AUTH	GET	401	/redfish/v1/EventService	PASS	Test passed	Redfish resources shall not be available as unauthenticated, except for [the service root, $metadata document, OData service document, OpenAPI YAML document, and version object].
SEC_READ_REQUIRES_AUTH	GET	401	/redfish/v1/SessionService/Sessions/vMT2puJqdL	PASS	Test passed	Redfish resources shall not be available as unauthenticated, except for [the service root, $metadata document, OData service document, OpenAPI YAML document, and version object].
SEC_READ_REQUIRES_AUTH	GET	401	/redfish/v1/AccountService	PASS	Test passed	Redfish resources shall not be available as unauthenticated, except for [the service root, $metadata document, OData service document, OpenAPI YAML document, and version object].
SEC_READ_REQUIRES_AUTH	GET	401	/redfish/v1/AccountService/Roles/Operator	PASS	Test passed	Redfish resources shall not be available as unauthenticated, except for [the service root, $metadata document, OData service document, OpenAPI YAML document, and version object].
SEC_READ_REQUIRES_AUTH	GET	401	/redfish/v1/AccountService/Roles/Administrator	PASS	Test passed	Redfish resources shall not be available as unauthenticated, except for [the service root, $metadata document, OData service document, OpenAPI YAML document, and version object].
SEC_READ_REQUIRES_AUTH	GET	401	/redfish/v1/Chassis/chassis	PASS	Test passed	Redfish resources shall not be available as unauthenticated, except for [the service root, $metadata document, OData service document, OpenAPI YAML document, and version object].
SEC_READ_REQUIRES_AUTH	GET	401	/redfish/v1/Systems	PASS	Test passed	Redfish resources shall not be available as unauthenticated, except for [the service root, $metadata document, OData service document, OpenAPI YAML document, and version object].
SEC_READ_REQUIRES_AUTH	GET	200	/redfish/v1/$metadata	PASS	Test passed	Redfish resources shall not be available as unauthenticated, except for [the service root, $metadata document, OData service document, OpenAPI YAML document, and version object].
SEC_READ_REQUIRES_AUTH	GET	200	/redfish/v1/	PASS	Test passed	Redfish resources shall not be available as unauthenticated, except for [the service root, $metadata document, OData service document, OpenAPI YAML document, and version object].
SEC_REDIRECT_ENFORCES_TARGET_PRIVS	GET		/redfish/v1/SessionService/Sessions	NOT_TESTED	No response found with an HTTP redirect	An HTTP redirect shall enforce the privilege requirements for the target resource.
SEC_REDIRECT_TO_HTTPS	GET		/redfish/v1/	NOT_TESTED	No response found with an HTTP redirect	Generally, if the location is reachable without authentication but only over HTTPS, the service shall issue a redirect to the HTTPS version of the resource.
SEC_REQUIRE_LOGIN_SESSIONS	POST	201	/redfish/v1/SessionService/Sessions	PASS	Test passed	Service shall provide login sessions that conform with this specification.
SEC_SESSIONS_URI_LOCATION	GET	200	/redfish/v1/SessionService/Sessions	PASS	Test passed	To establish a session, find the URI in either the Session Service's Sessions property or the Service Root's links property under the Sessions property. Both URIs shall be the same.
SEC_SESSION_POST_RESPONSE	POST	201	/redfish/v1/SessionService/Sessions	PASS	Test passed	The response to the POST request to create a session shall include [X-Auth-Token header, Location header, and JSON body containing the full representation of the new session resource.]
SEC_SESSION_TERMINATION_SIDE_EFFECTS				NOT_TESTED	No ServerSentEventUri available; unable to test this assertion	When a session is terminated, the service shall not affect independent connections established originally by this session for other purposes, such as connections for Server-Sent Events or transferring an image for the Update Service.
SEC_SUPPORT_BASIC_AUTH	GET	200	/redfish/v1/SessionService/Sessions	PASS	Test passed	Services shall support HTTP Basic authentication, as defined by RFC7617, and shall use only connections that conform to TLS to transport the data between any third-party authentication service and clients.
SEC_TLS_1_1	GET	200	/redfish/v1/	PASS	Test passed	Implementations shall support the Transport Layer Security (TLS) protocol v1.1 or later.
SEC_WRITE_REQUIRES_AUTH	POST	201	/redfish/v1/SessionService/Sessions	PASS	Test passed	Services shall authenticate all write requests to Redfish resources [except for the POST operation to the Sessions resource collection for authentication.]
SEC_WRITE_REQUIRES_AUTH	POST	401	/redfish/v1/AccountService/Accounts	PASS	Test passed	Services shall authenticate all write requests to Redfish resources [except for the POST operation to the Sessions resource collection for authentication.]
SEC_WRITE_REQUIRES_AUTH	DELETE	401	/redfish/v1/SessionService/Sessions/E9DHhfh3q1	PASS	Test passed	Services shall authenticate all write requests to Redfish resources [except for the POST operation to the Sessions resource collection for authentication.]
