{
    "ToolName": "Redfish-Protocol-Validator v1.0.7",
    "Timestamp": {
        "DateTime": "2021-09-24T03:37:39"
    },
    "Service": {
        "BaseURL": "https://10.38.64.72",
        "Manufacturer": "N/A",
        "Product": "N/A",
        "Model": "OpenBmc",
        "FirmwareVersion": "1.11.210922"
    },
    "TestResults": {
        "Protocol Validations": {
            "pass": 264,
            "fail": 25,
            "skip": 44,
            "warn": 0
        },
        "ErrorMessages": []
    }
}